Pubchem.ID,Drug.name,Cosmic.ID,Cell.line.name,Z_IC50,TCGA_Desc
52918385,PRIMA-1MET,DATA.1298352,NCI-H2135,2.638102,UNCLASSIFIED
52918385,PRIMA-1MET,DATA.910702,AsPC-1,2.447394,PAAD
52918385,PRIMA-1MET,DATA.687821,NCI-H2405,2.293637,LUAD
52918385,PRIMA-1MET,DATA.1240218,SU8686,2.245304,PAAD
52918385,PRIMA-1MET,DATA.911905,EFO-21,2.180593,OV
52918385,PRIMA-1MET,DATA.1503365,SK-GT-4,1.874444,ESCA
52918385,PRIMA-1MET,DATA.908460,NCI-H441,1.868682,LUAD
52918385,PRIMA-1MET,DATA.1240223,TT2609-C02,1.751646,THCA
52918385,PRIMA-1MET,DATA.906791,ABC-1,1.740823,LUAD
52918385,PRIMA-1MET,DATA.1298348,NCI-H1568,1.736505,LUAD
52918385,PRIMA-1MET,DATA.946356,TE-12,1.726825,ESCA
52918385,PRIMA-1MET,DATA.905934,PC-3,1.717264,PRAD
52918385,PRIMA-1MET,DATA.907066,HT-1376,1.687734,BLCA
52918385,PRIMA-1MET,DATA.1298136,HPAC,1.680748,PAAD
52918385,PRIMA-1MET,DATA.1298534,QGP-1,1.678631,UNCLASSIFIED
52918385,PRIMA-1MET,DATA.909747,SW1417,1.674034,COREAD
52918385,PRIMA-1MET,DATA.909721,SK-LU-1,1.660329,LUAD
52918385,PRIMA-1MET,DATA.906853,EGI-1,1.654188,UNCLASSIFIED
52918385,PRIMA-1MET,DATA.909975,KURAMOCHI,1.635104,UNCLASSIFIED
52918385,PRIMA-1MET,DATA.909781,VMRC-RCZ,1.612287,KIRC
52918385,PRIMA-1MET,DATA.1240219,SUIT-2,1.601201,PAAD
52918385,PRIMA-1MET,DATA.753566,J82,1.595202,BLCA
52918385,PRIMA-1MET,DATA.724869,HPAF-II,1.504585,PAAD
52918385,PRIMA-1MET,DATA.753574,KYSE-410,1.498974,ESCA
52918385,PRIMA-1MET,DATA.908463,NCI-H1793,1.43056,LUAD
52918385,PRIMA-1MET,DATA.905983,U251,1.427695,GBM
52918385,PRIMA-1MET,DATA.907071,HuH-7,1.399494,LIHC
52918385,PRIMA-1MET,DATA.1240143,HCC-15,1.397941,LUSC
52918385,PRIMA-1MET,DATA.909755,SW837,1.392202,COREAD
52918385,PRIMA-1MET,DATA.1290814,NCI-H2818,1.390712,MESO
52918385,PRIMA-1MET,DATA.1298539,RKN,1.383192,UNCLASSIFIED
52918385,PRIMA-1MET,DATA.1298219,KP-3,1.382666,UNCLASSIFIED
52918385,PRIMA-1MET,DATA.910905,SNU-C1,1.375533,COREAD
52918385,PRIMA-1MET,DATA.946360,OAW-28,1.358521,OV
52918385,PRIMA-1MET,DATA.910943,CAS-1,1.357154,GBM
52918385,PRIMA-1MET,DATA.1290771,CL-34,1.335089,COREAD
52918385,PRIMA-1MET,DATA.910911,SCC-15,1.325156,HNSC
52918385,PRIMA-1MET,DATA.910695,TGBC24TKB,1.323755,UNCLASSIFIED
52918385,PRIMA-1MET,DATA.1298146,huH-1,1.32068,LIHC
52918385,PRIMA-1MET,DATA.1240197,OV-90,1.316077,OV
52918385,PRIMA-1MET,DATA.909728,SK-MES-1,1.312093,LUSC
52918385,PRIMA-1MET,DATA.735784,TE-5,1.308087,ESCA
52918385,PRIMA-1MET,DATA.688014,NCI-H2141,1.300221,SCLC
52918385,PRIMA-1MET,DATA.905990,OVCAR-4,1.29821,OV
52918385,PRIMA-1MET,DATA.908458,NCI-H716,1.297907,COREAD
52918385,PRIMA-1MET,DATA.1240186,NCI-H196,1.292112,SCLC
52918385,PRIMA-1MET,DATA.1240132,NCI-H2595,1.288006,MESO
52918385,PRIMA-1MET,DATA.1503367,ESO51,1.286758,ESCA
52918385,PRIMA-1MET,DATA.908443,NCI-H520,1.283931,LUSC
52918385,PRIMA-1MET,DATA.909745,SW1088,1.27674,GBM
52918385,PRIMA-1MET,DATA.909746,SW1116,1.276596,COREAD
52918385,PRIMA-1MET,DATA.905970,EKVX,1.273259,LUAD
52918385,PRIMA-1MET,DATA.905959,SK-OV-3,1.265426,OV
52918385,PRIMA-1MET,DATA.1503363,OACM5-1,1.263697,ESCA
52918385,PRIMA-1MET,DATA.1240159,JHH-6,1.259682,LIHC
52918385,PRIMA-1MET,DATA.688018,NCI-H2227,1.255368,SCLC
52918385,PRIMA-1MET,DATA.909904,YAPC,1.254477,PAAD
52918385,PRIMA-1MET,DATA.749714,HCC1937,1.249495,BRCA
52918385,PRIMA-1MET,DATA.1240160,JHH-7,1.231145,LIHC
52918385,PRIMA-1MET,DATA.687568,GB-1,1.228424,GBM
52918385,PRIMA-1MET,DATA.1298537,RERF-LC-KJ,1.216357,LUAD
52918385,PRIMA-1MET,DATA.724879,SW900,1.21567,LUSC
52918385,PRIMA-1MET,DATA.910694,LN-405,1.208755,GBM
52918385,PRIMA-1MET,DATA.909757,SW948,1.204668,COREAD
52918385,PRIMA-1MET,DATA.1240192,NCI-H841,1.192841,SCLC
52918385,PRIMA-1MET,DATA.907050,HD-MY-Z,1.191133,UNCLASSIFIED
52918385,PRIMA-1MET,DATA.1240137,NCI-H2810,1.190521,MESO
52918385,PRIMA-1MET,DATA.1240158,JHH-4,1.185434,LIHC
52918385,PRIMA-1MET,DATA.753608,PC-14,1.169154,LUAD
52918385,PRIMA-1MET,DATA.753583,LB771-HNC,1.167888,HNSC
52918385,PRIMA-1MET,DATA.907069,HuCCT1,1.165065,UNCLASSIFIED
52918385,PRIMA-1MET,DATA.724866,NCI-H1355,1.165015,LUAD
52918385,PRIMA-1MET,DATA.905986,SF268,1.164855,GBM
52918385,PRIMA-1MET,DATA.1290798,EFM-192A,1.164158,BRCA
52918385,PRIMA-1MET,DATA.905935,DU-145,1.158839,PRAD
52918385,PRIMA-1MET,DATA.753569,KNS-62,1.158577,LUSC
52918385,PRIMA-1MET,DATA.906746,Becker,1.157987,GBM
52918385,PRIMA-1MET,DATA.687777,Calu-3,1.154846,LUAD
52918385,PRIMA-1MET,DATA.910779,IA-LM,1.154242,UNCLASSIFIED
52918385,PRIMA-1MET,DATA.1240216,SNU-182,1.135904,LIHC
52918385,PRIMA-1MET,DATA.924151,HTC-C3,1.129584,THCA
52918385,PRIMA-1MET,DATA.910692,COLO-668,1.128377,SCLC
52918385,PRIMA-1MET,DATA.687829,NCI-H661,1.126576,UNCLASSIFIED
52918385,PRIMA-1MET,DATA.949157,ES6,1.117322,UNCLASSIFIED
52918385,PRIMA-1MET,DATA.1298218,KP-2,1.10571,PAAD
52918385,PRIMA-1MET,DATA.713869,VMRC-LCD,1.104668,LUAD
52918385,PRIMA-1MET,DATA.1240140,NCI-H3118,1.103795,UNCLASSIFIED
52918385,PRIMA-1MET,DATA.1660035,SNU-61,1.10349,COREAD
52918385,PRIMA-1MET,DATA.909779,UMC-11,1.095682,UNCLASSIFIED
52918385,PRIMA-1MET,DATA.909977,HuO-3N1,1.093822,UNCLASSIFIED
52918385,PRIMA-1MET,DATA.907295,DMS-53,1.091402,SCLC
52918385,PRIMA-1MET,DATA.946368,D-263MG,1.08066,GBM
52918385,PRIMA-1MET,DATA.907320,KYSE-450,1.065289,ESCA
52918385,PRIMA-1MET,DATA.1290730,CAL-29,1.064805,BLCA
52918385,PRIMA-1MET,DATA.1298222,KYSE-50,1.057268,ESCA
52918385,PRIMA-1MET,DATA.907051,HEC-1,1.055202,UCEC
52918385,PRIMA-1MET,DATA.1290722,ASH-3,1.046867,THCA
52918385,PRIMA-1MET,DATA.1240145,HCC-44,1.04158,LUAD
52918385,PRIMA-1MET,DATA.1247873,H3255,1.033719,LUAD
52918385,PRIMA-1MET,DATA.1298531,PCI-4B,1.029997,HNSC
52918385,PRIMA-1MET,DATA.1503366,ESO26,1.014223,ESCA
52918385,PRIMA-1MET,DATA.753541,CAL-33,1.010182,HNSC
52918385,PRIMA-1MET,DATA.1240187,NCI-H2023,1.003369,LUAD
52918385,PRIMA-1MET,DATA.905942,NCI-H23,1.000425,LUAD
52918385,PRIMA-1MET,DATA.905979,SN12C,0.999025,KIRC
52918385,PRIMA-1MET,DATA.905967,NCI-H322M,0.996728,LUAD
52918385,PRIMA-1MET,DATA.907062,HSC-4,0.996358,HNSC
52918385,PRIMA-1MET,DATA.1299059,SKN-3,0.994754,HNSC
52918385,PRIMA-1MET,DATA.753573,KYSE-140,0.986668,ESCA
52918385,PRIMA-1MET,DATA.687787,LK-2,0.980381,LUSC
52918385,PRIMA-1MET,DATA.907045,HCC1419,0.96171,BRCA
52918385,PRIMA-1MET,DATA.687459,TCCSUP,0.960463,BLCA
52918385,PRIMA-1MET,DATA.1240190,NCI-H3122,0.96029,LUAD
52918385,PRIMA-1MET,DATA.905989,KM12,0.953884,COREAD
52918385,PRIMA-1MET,DATA.946361,LCLC-97TM1,0.950498,UNCLASSIFIED
52918385,PRIMA-1MET,DATA.949166,EW-13,0.943437,UNCLASSIFIED
52918385,PRIMA-1MET,DATA.924108,CaR-1,0.943427,COREAD
52918385,PRIMA-1MET,DATA.905939,HT-29,0.940881,COREAD
52918385,PRIMA-1MET,DATA.724834,NCI-H2087,0.935422,LUAD
52918385,PRIMA-1MET,DATA.749709,HCC1954,0.928028,BRCA
52918385,PRIMA-1MET,DATA.906861,ETK-1,0.927867,UNCLASSIFIED
52918385,PRIMA-1MET,DATA.1503364,SK-GT-2,0.911708,STAD
52918385,PRIMA-1MET,DATA.753621,TE-1,0.911573,ESCA
52918385,PRIMA-1MET,DATA.1240122,BICR78,0.896637,HNSC
52918385,PRIMA-1MET,DATA.1240184,NCI-H1915,0.886879,UNCLASSIFIED
52918385,PRIMA-1MET,DATA.1298226,LOU-NH91,0.88518,LUSC
52918385,PRIMA-1MET,DATA.907068,HT-3,0.882264,CESC
52918385,PRIMA-1MET,DATA.1240134,NCI-H2731,0.880674,MESO
52918385,PRIMA-1MET,DATA.1240128,ES-2,0.871138,UNCLASSIFIED
52918385,PRIMA-1MET,DATA.930083,RO82-W-1,0.866335,THCA
52918385,PRIMA-1MET,DATA.1240201,PA-TU-8988T,0.848221,PAAD
52918385,PRIMA-1MET,DATA.1240136,NCI-H2804,0.842146,MESO
52918385,PRIMA-1MET,DATA.907319,KYSE-270,0.8406,ESCA
52918385,PRIMA-1MET,DATA.753575,KYSE-520,0.839562,ESCA
52918385,PRIMA-1MET,DATA.909761,T84,0.836289,COREAD
52918385,PRIMA-1MET,DATA.724859,Calu-6,0.831703,LUAD
52918385,PRIMA-1MET,DATA.753576,KYSE-70,0.827924,ESCA
52918385,PRIMA-1MET,DATA.1298538,RERF-LC-Sq1,0.823382,LUSC
52918385,PRIMA-1MET,DATA.908139,MKN28,0.821413,STAD
52918385,PRIMA-1MET,DATA.906837,Detroit562,0.819227,HNSC
52918385,PRIMA-1MET,DATA.687586,T98G,0.808678,GBM
52918385,PRIMA-1MET,DATA.946353,TE-9,0.808131,ESCA
52918385,PRIMA-1MET,DATA.906817,COLO-680N,0.800372,ESCA
52918385,PRIMA-1MET,DATA.949174,NB7,0.798157,NB
52918385,PRIMA-1MET,DATA.1298347,NCI-H1435,0.795823,LUAD
52918385,PRIMA-1MET,DATA.1299050,SAT,0.795431,HNSC
52918385,PRIMA-1MET,DATA.1298359,OE21,0.794366,ESCA
52918385,PRIMA-1MET,DATA.907289,HT-115,0.78867,COREAD
52918385,PRIMA-1MET,DATA.1297447,EJM,0.78745,MM
52918385,PRIMA-1MET,DATA.1240127,EN,0.782507,UCEC
52918385,PRIMA-1MET,DATA.1240144,HCC-366,0.765424,UNCLASSIFIED
52918385,PRIMA-1MET,DATA.753554,EBC-1,0.755858,LUSC
52918385,PRIMA-1MET,DATA.930082,RL95-2,0.750514,UNCLASSIFIED
52918385,PRIMA-1MET,DATA.909704,RT-112,0.745655,BLCA
52918385,PRIMA-1MET,DATA.753614,TE-15,0.744949,ESCA
52918385,PRIMA-1MET,DATA.688025,NCI-H526,0.74438,SCLC
52918385,PRIMA-1MET,DATA.905955,SK-MEL-2,0.741175,SKCM
52918385,PRIMA-1MET,DATA.907318,KYSE-180,0.733121,ESCA
52918385,PRIMA-1MET,DATA.1240217,SNU-398,0.730682,LIHC
52918385,PRIMA-1MET,DATA.1240209,RERF-GC-1B,0.721807,STAD
52918385,PRIMA-1MET,DATA.1240146,HCC-827,0.717121,LUAD
52918385,PRIMA-1MET,DATA.688011,NCI-H2029,0.712805,SCLC
52918385,PRIMA-1MET,DATA.1240169,LN-229,0.707453,GBM
52918385,PRIMA-1MET,DATA.909729,SK-MG-1,0.705732,GBM
52918385,PRIMA-1MET,DATA.688013,NCI-H209,0.704924,SCLC
52918385,PRIMA-1MET,DATA.1659823,SNU-1040,0.700175,COREAD
52918385,PRIMA-1MET,DATA.1660036,SNU-81,0.689597,COREAD
52918385,PRIMA-1MET,DATA.910916,CAL-27,0.675988,HNSC
52918385,PRIMA-1MET,DATA.907055,HGC-27,0.669979,STAD
52918385,PRIMA-1MET,DATA.753555,EC-GI-10,0.659492,ESCA
52918385,PRIMA-1MET,DATA.906794,A253,0.654685,UNCLASSIFIED
52918385,PRIMA-1MET,DATA.909256,OCUB-M,0.652175,BRCA
52918385,PRIMA-1MET,DATA.687561,42-MG-BA,0.648576,GBM
52918385,PRIMA-1MET,DATA.908130,MFE-296,0.633378,UCEC
52918385,PRIMA-1MET,DATA.1240221,TC-71,0.630173,UNCLASSIFIED
52918385,PRIMA-1MET,DATA.753538,Ca9-22,0.617261,HNSC
52918385,PRIMA-1MET,DATA.1240162,JHU-022,0.611009,HNSC
52918385,PRIMA-1MET,DATA.687815,NCI-H2170,0.603977,LUSC
52918385,PRIMA-1MET,DATA.1299078,WM1552C,0.602956,SKCM
52918385,PRIMA-1MET,DATA.907048,HCC70,0.598165,BRCA
52918385,PRIMA-1MET,DATA.905951,BT-549,0.593516,BRCA
52918385,PRIMA-1MET,DATA.1503371,TE-4,0.58399,ESCA
52918385,PRIMA-1MET,DATA.906797,647-V,0.582129,BLCA
52918385,PRIMA-1MET,DATA.1290765,CAL-78,0.561107,UNCLASSIFIED
52918385,PRIMA-1MET,DATA.688021,NCI-H345,0.556217,SCLC
52918385,PRIMA-1MET,DATA.687816,NCI-H2228,0.555798,LUAD
52918385,PRIMA-1MET,DATA.1299075,VCaP,0.537664,PRAD
52918385,PRIMA-1MET,DATA.905975,M14,0.532841,SKCM
52918385,PRIMA-1MET,DATA.909263,RCM-1,0.532087,COREAD
52918385,PRIMA-1MET,DATA.749717,HCC38,0.530776,BRCA
52918385,PRIMA-1MET,DATA.925345,NOS-1,0.526301,UNCLASSIFIED
52918385,PRIMA-1MET,DATA.930298,SKG-IIIa,0.523103,CESC
52918385,PRIMA-1MET,DATA.1240142,HARA,0.521175,LUSC
